Benchmark,Median,Variance
OSU,3.8675599098205566,0.13450235130334248
Jacobi,4.8097525358200075,0.4441586329530316
LULESH,,
