Benchmark,Median,Variance
OSU,4.095577955245972,0.0
Jacobi,4.997528076171875,0.0
LULESH,4.099219083786011,0.0
