Benchmark,Median,Variance
OSU,74.62008299827576,44.729556654429835
Jacobi,72.05962042808532,139.23864784820063
LULESH,,
