Benchmark,Median,Variance
OSU,0.00033283233642578125,0.0
Jacobi,0.07869863510131836,0.0
LULESH,0.13405609130859375,0.0
