Benchmark,Average,Variance
OSU,73.2258373896281,50.04396699082829
Jacobi,75.48532430330913,33.51581371703865
LULESH,1116.7409919897716,0.11494317902385216
