Benchmark,Average,Variance
OSU,0.0003463427225748698,1.8600429838342178e-10
Jacobi,0.08167521158854167,2.0140400061387078e-05
LULESH,0.12053163846333821,9.14687608176084e-05
