Benchmark,Median,Variance
OSU,0.0003581523895263672,3.367836143297609e-10
Jacobi,0.08089039325714112,1.3719522137876084e-05
LULESH,,
