Benchmark,Median,Variance
OSU,0.00033283233642578125,0.0
Jacobi,0.07869863510131836,0.0
LULESH,566.6233470439911,0.0
