Benchmark,Average,Variance
OSU,3.9875996112823486,0.0638217908238327
Jacobi,4.163654645284017,0.3484032510687914
LULESH,4.0565879344940186,0.06290822559640219
