Benchmark,Average,Variance
OSU,59.908552099999994,0.10708634463149011
Jacobi,60.6558723,3.7028270190542116
LULESH,59.75818389999999,0.1774253539102911
