Benchmark,Median,Variance
OSU,56.195925666666675,0.04185874049488833
Jacobi,59.713674,3.2015255159384566
LULESH,56.89415555555555,0.09722559571469118
