Benchmark,Median,Variance
OSU,59.908552099999994,0.10708634463149011
Jacobi,59.8655802,2.3004562407241607
LULESH,59.75818389999999,0.1774253539102911
