Benchmark,Median,Variance
OSU,10.114590777777778,0.029252983384394932
Jacobi,9.998317555555555,0.24225386927469136
LULESH,10.215396888888888,0.411198018906988
