Activities,Time (s)
Propagate error,3.046617218788634
Wait for detection,1.9332423920327044
Detect,0.0025846095795327042
React,0.0003797500691515334
Restore,0.010452945181664
