Benchmark,Average,Variance
OSU,105.18130002021789,1226.3243370212017
Jacobi,112.27767486572266,2028.4229617225906
LULESH,106.92769567966461,498.19831028655244
