Benchmark,Average,Variance
OSU,7.616548564698961,0.2635527203418436
Jacobi,7.329736683103773,0.14892832990248994
LULESH,5.214860333336724,0.16926401298878407
