Benchmark,Median,Variance
OSU,7.616548564698961,0.2635527203418436
Jacobi,7.3221521907382545,0.29951994109569285
LULESH,5.214860333336724,0.16926401298878407
