Benchmark,Median,Variance
OSU,7.311493337154388,0.28287333898688516
Jacobi,7.20931139588356,0.057843162326149944
LULESH,5.234326094388962,0.07733528356633368
