Benchmark,Average,Variance
OSU,106.2323342429267,50.745071133233246
Jacobi,18.920251978768242,16.433711753588202
LULESH,7.644596391254002,0.05642946563221127
