Benchmark,Median,Variance
OSU,106.13756787776947,57.00737904920137
Jacobi,19.381251007318497,16.57524478386823
LULESH,7.649665087461472,0.06325192370504507
